Number Of Particles,Best Value
49,24.6858
49,70.4139
49,4.68216
49,91.0066
49,84.0847
49,78.933
49,21.2706
49,7.17875
49,13.4328
49,79.4935
49,61.1508
49,85.8448
49,96.4581
49,137.602
49,18.8919
49,10.1927
49,1032.75
49,77.2007
49,112.436
49,113.619
#Global
49,103.765
49,217.363
49,211.478
49,93.0287
49,90.4095
49,224.173
49,123.122
49,144.881
49,135.543
49,86.0937
49,101.211
49,198.605
49,74.0923
49,140.13
49,93.0995
49,85.0636
49,189.582
49,87.2315
49,256.294
49,104.179
#Ring
49,343.544
49,92.3329
49,25.716
49,73.9706
49,172.987
49,2398.05
49,262.371
49,83.6436
49,99.859
49,92.8072
49,80.4988
49,81.2166
49,113.775
49,79.1672
49,117.596
49,76.1932
49,128.43
49,52.5879
49,211.985
49,291.067
#VonNeumann
49,117.918
49,29.5328
49,83.4618
49,215.029
49,25.7487
49,120.509
49,115.531
49,336.518
49,63.0972
49,136.177
49,253.818
49,40.6281
49,128.978
49,831.718
49,25.6043
49,27.9006
49,87.5932
49,80.4737
49,213.768
49,80.4846
#Random
